patient_id,actual_label,logistic_regression_probability,logistic_regression_predicted_label,random_forest_probability,random_forest_predicted_label,extra_trees_probability,extra_trees_predicted_label,gradient_boosting_probability,gradient_boosting_predicted_label,svm_rbf_probability,svm_rbf_predicted_label,mlp_probability,mlp_predicted_label
COMPV4-BRCA-0001,1,0.688071,1,0.694051,1,0.688296,1,0.666667,1,0.706269,1,0.667004,1
COMPV4-BRCA-0006,1,0.861353,1,0.879439,1,0.85306,1,0.883812,1,0.86852,1,0.981059,1
COMPV4-BRCA-0007,1,0.262145,0,0.259338,0,0.22115,0,0.333331,0,0.269433,0,0.229073,0
COMPV4-BRCA-0008,1,0.494692,0,0.485218,0,0.455378,0,0.500008,1,0.5009,1,0.499987,0
COMPV4-BRCA-0018,1,0.734125,1,0.796615,1,0.729119,1,0.833317,1,0.797037,1,0.831741,1
COMPV4-BRCA-0019,1,0.652571,1,0.634498,1,0.602929,1,0.666667,1,0.660606,1,0.666348,1
COMPV4-BRCA-0022,1,0.675674,1,0.699632,1,0.688282,1,0.666668,1,0.675302,1,0.667249,1
COMPV4-BRCA-0033,1,0.373859,0,0.413174,0,0.400189,0,0.333396,0,0.417167,0,0.4012,0
COMPV4-BRCA-0044,1,0.931076,1,0.917404,1,0.870805,1,0.906219,1,0.977144,1,0.947995,1
COMPV4-BRCA-0045,1,0.628095,1,0.621062,1,0.586706,1,0.666667,1,0.66323,1,0.659939,1
COMPV4-BRCA-0049,1,0.825311,1,0.820853,1,0.788743,1,0.833326,1,0.833402,1,0.833328,1
COMPV4-BRCA-0050,1,0.502598,1,0.52272,1,0.508229,1,0.500009,1,0.513809,1,0.500089,1
COMPV4-BRCA-0051,1,0.528391,1,0.546553,1,0.538779,1,0.500011,1,0.541861,1,0.593607,1
COMPV4-BRCA-0055,1,0.770543,1,0.733422,1,0.706894,1,0.833307,1,0.701315,1,0.864854,1
COMPV4-BRCA-0058,1,0.464699,0,0.411673,0,0.405459,0,0.333351,0,0.405421,0,0.479265,0
COMPV4-BRCA-0060,1,0.670419,1,0.673498,1,0.672544,1,0.666667,1,0.689748,1,0.666684,1
COMPV4-BRCA-0061,1,0.999993,1,0.998233,1,0.991661,1,0.999984,1,0.999999,1,0.999999,1
COMPV4-BRCA-0062,1,0.695982,1,0.769119,1,0.650583,1,0.999921,1,0.714181,1,0.904587,1
COMPV4-BRCA-0070,1,0.734537,1,0.734949,1,0.697441,1,0.739561,1,0.692364,1,0.826848,1
COMPV4-BRCA-0071,1,0.501124,1,0.505328,1,0.506942,1,0.500008,1,0.500307,1,0.500001,1
COMPV4-BRCA-0072,1,0.729332,1,0.764633,1,0.730392,1,0.833317,1,0.791987,1,0.741277,1
COMPV4-BRCA-0075,1,0.616139,1,0.646208,1,0.607019,1,0.666667,1,0.643095,1,0.665154,1
COMPV4-BRCA-0078,1,0.999992,1,0.994418,1,0.99074,1,0.999984,1,0.999999,1,0.999999,1
COMPV4-BRCA-0083,1,0.504084,1,0.497754,0,0.491666,0,0.500008,1,0.506397,1,0.500035,1
COMPV4-BRCA-0086,1,0.833594,1,0.825888,1,0.825783,1,0.831929,1,0.837925,1,0.833334,1
COMPV4-BRCA-0098,1,0.173685,0,0.181191,0,0.185827,0,0.166691,0,0.177183,0,0.166679,0
COMPV4-BRCA-0101,1,0.678377,1,0.689789,1,0.687323,1,0.666668,1,0.691744,1,0.718763,1
COMPV4-BRCA-0102,1,0.846245,1,0.834212,1,0.840465,1,0.833326,1,0.861565,1,0.833364,1
COMPV4-BRCA-0106,1,0.819004,1,0.82075,1,0.790003,1,0.833326,1,0.834818,1,0.815762,1
COMPV4-BRCA-0111,1,0.833822,1,0.828795,1,0.831349,1,0.833326,1,0.83587,1,0.833339,1
COMPV4-BRCA-0114,1,0.847375,1,0.841365,1,0.836393,1,0.833326,1,0.855791,1,0.834283,1
COMPV4-BRCA-0128,1,0.713543,1,0.679289,1,0.68896,1,0.666667,1,0.693574,1,0.721619,1
COMPV4-BRCA-0135,1,0.359313,0,0.367012,0,0.360374,0,0.333349,0,0.353055,0,0.347298,0
COMPV4-BRCA-0136,1,0.50147,1,0.506358,1,0.511714,1,0.500008,1,0.500103,1,0.500002,1
COMPV4-BRCA-0140,1,0.670146,1,0.668529,1,0.669598,1,0.666667,1,0.669025,1,0.668626,1
COMPV4-BRCA-0145,1,0.839788,1,0.836327,1,0.837945,1,0.833326,1,0.84315,1,0.835191,1
COMPV4-BRCA-0150,1,0.530385,1,0.517711,1,0.533931,1,0.500008,1,0.511158,1,0.501021,1
COMPV4-BRCA-0153,1,0.335995,0,0.334301,0,0.346403,0,0.333349,0,0.337079,0,0.333448,0
COMPV4-BRCA-0154,1,0.34022,0,0.334218,0,0.295919,0,0.333349,0,0.334451,0,0.337938,0
COMPV4-BRCA-0157,1,0.22497,0,0.229495,0,0.211791,0,0.170346,0,0.326337,0,0.322977,0
COMPV4-BRCA-0160,1,0.83826,1,0.843643,1,0.847306,1,0.833326,1,0.869721,1,0.835864,1
COMPV4-BRCA-0164,1,0.670005,1,0.663957,1,0.665044,1,0.666667,1,0.677333,1,0.666678,1
COMPV4-BRCA-0166,1,0.816241,1,0.82377,1,0.781444,1,0.833326,1,0.815609,1,0.831183,1
COMPV4-BRCA-0168,1,0.709273,1,0.726061,1,0.723125,1,0.666667,1,0.76154,1,0.738236,1
COMPV4-BRCA-0169,1,0.673481,1,0.679494,1,0.675136,1,0.666667,1,0.669268,1,0.666971,1
COMPV4-BRCA-0187,1,0.362475,0,0.359547,0,0.368678,0,0.333349,0,0.373534,0,0.438261,0
COMPV4-BRCA-0195,1,0.666719,1,0.666004,1,0.666477,1,0.666667,1,0.667824,1,0.666666,1
COMPV4-BRCA-0196,1,0.834067,1,0.832494,1,0.834269,1,0.833326,1,0.84185,1,0.833479,1
COMPV4-BRCA-0205,1,0.537021,1,0.580161,1,0.527176,1,0.666658,1,0.514062,1,0.515693,1
COMPV4-BRCA-0206,1,0.868311,1,0.87428,1,0.85375,1,0.833325,1,0.876749,1,0.88757,1
COMPV4-BRCA-0207,1,0.521705,1,0.534308,1,0.532501,1,0.500008,1,0.56926,1,0.657183,1
COMPV4-BRCA-0211,1,0.788943,1,0.819639,1,0.780079,1,0.833326,1,0.825819,1,0.82985,1
COMPV4-BRCA-0212,1,0.731993,1,0.74452,1,0.704849,1,0.739011,1,0.707635,1,0.828303,1
COMPV4-BRCA-0213,1,0.84263,1,0.830772,1,0.838607,1,0.833326,1,0.849529,1,0.833715,1
COMPV4-BRCA-0221,1,0.671211,1,0.693869,1,0.683943,1,0.666669,1,0.679121,1,0.666677,1
COMPV4-BRCA-0222,1,0.70585,1,0.743405,1,0.721317,1,0.666713,1,0.780672,1,0.671964,1
COMPV4-BRCA-0233,1,0.513116,1,0.583796,1,0.527948,1,0.666658,1,0.504064,1,0.504946,1
COMPV4-BRCA-0236,1,0.499095,0,0.489814,0,0.484895,0,0.499998,0,0.512982,1,0.500307,1
COMPV4-BRCA-0246,1,0.975034,1,0.976854,1,0.945977,1,0.999984,1,0.998476,1,0.996917,1
COMPV4-BRCA-0247,1,0.679223,1,0.642365,1,0.632936,1,0.666667,1,0.669066,1,0.667215,1
COMPV4-BRCA-0249,1,0.524195,1,0.502339,1,0.514786,1,0.500008,1,0.504113,1,0.505882,1
COMPV4-BRCA-0251,1,0.688309,1,0.679453,1,0.682026,1,0.666667,1,0.668992,1,0.667068,1
COMPV4-BRCA-0254,1,0.400513,0,0.357579,0,0.371664,0,0.333349,0,0.444639,0,0.481707,0
COMPV4-BRCA-0259,1,0.501989,1,0.518512,1,0.50994,1,0.50001,1,0.516201,1,0.500003,1
COMPV4-BRCA-0260,1,0.858931,1,0.850366,1,0.84857,1,0.833325,1,0.890067,1,0.836263,1
COMPV4-BRCA-0264,1,0.241133,0,0.234652,0,0.253857,0,0.170446,0,0.278753,0,0.332757,0
COMPV4-BRCA-0266,1,0.576334,1,0.650859,1,0.605809,1,0.666667,1,0.633756,1,0.503704,1
COMPV4-BRCA-0269,1,0.337675,0,0.339816,0,0.346513,0,0.333349,0,0.34686,0,0.334124,0
COMPV4-BRCA-0272,1,0.501304,1,0.507182,1,0.508594,1,0.500008,1,0.501468,1,0.500003,1
COMPV4-BRCA-0282,1,0.666434,1,0.63733,1,0.631263,1,0.666656,1,0.688247,1,0.666629,1
COMPV4-BRCA-0290,1,0.666735,1,0.658376,1,0.65398,1,0.666667,1,0.667838,1,0.666665,1
COMPV4-BRCA-0292,1,0.51418,1,0.56433,1,0.522762,1,0.666649,1,0.508217,1,0.523882,1
COMPV4-BRCA-0294,1,0.83342,1,0.827171,1,0.828776,1,0.833326,1,0.833224,1,0.833332,1
COMPV4-BRCA-0295,1,0.340557,0,0.361283,0,0.371172,0,0.333352,0,0.365383,0,0.382858,0
COMPV4-BRCA-0297,1,0.66666,1,0.660919,1,0.661861,1,0.666667,1,0.674817,1,0.666661,1
