patient_id,actual_label,logistic_regression_probability,logistic_regression_predicted_label,random_forest_probability,random_forest_predicted_label,extra_trees_probability,extra_trees_predicted_label,gradient_boosting_probability,gradient_boosting_predicted_label,svm_rbf_probability,svm_rbf_predicted_label,mlp_probability,mlp_predicted_label,temporal_baseline_cnn_probability,temporal_baseline_cnn_predicted_label,temporal_1d_cnn_probability,temporal_1d_cnn_predicted_label,temporal_gru_probability,temporal_gru_predicted_label,gradient_boosting_calibrated_probability,gradient_boosting_calibrated_predicted_label
REALISM-BRCA-0001,1,0.907884,1,0.689171,1,0.583256,1,0.945589,1,0.805534,1,0.554462,1,0.491573,0,0.582265,1,0.585212,1,1.0,1
REALISM-BRCA-0004,0,0.173923,0,0.340064,0,0.46572,0,0.148504,0,0.12026,0,0.167493,0,0.493341,0,0.405049,0,0.523173,1,0.0,0
REALISM-BRCA-0005,1,0.39951,0,0.476164,0,0.543442,1,0.499512,0,0.18026,0,0.01264,0,0.502916,1,0.368334,0,0.484197,0,1.0,1
REALISM-BRCA-0007,1,0.831834,1,0.788311,1,0.650948,1,0.969743,1,0.983956,1,0.999226,1,0.587937,1,0.535978,1,0.557895,1,1.0,1
REALISM-BRCA-0008,0,0.488632,0,0.710519,1,0.601793,1,0.442619,0,0.52091,1,0.615113,1,0.575904,1,0.620536,1,0.560426,1,0.0,0
REALISM-BRCA-0023,1,0.467444,0,0.516266,1,0.39732,0,0.619087,1,0.455382,0,0.006693,0,0.473612,0,0.351995,0,0.49071,0,1.0,1
REALISM-BRCA-0028,1,0.628966,1,0.719987,1,0.684368,1,0.857073,1,0.930346,1,1.0,1,0.570431,1,0.571694,1,0.490612,0,1.0,1
REALISM-BRCA-0031,0,0.065931,0,0.245916,0,0.420943,0,0.061777,0,0.096934,0,0.333142,0,0.373349,0,0.304738,0,0.466082,0,0.0,0
REALISM-BRCA-0042,1,0.953745,1,0.711591,1,0.632754,1,0.980087,1,0.806231,1,0.7475,1,0.503571,1,0.600324,1,0.554794,1,1.0,1
REALISM-BRCA-0045,0,0.031655,0,0.209687,0,0.229889,0,0.014705,0,0.109024,0,0.000121,0,0.484416,0,0.389345,0,0.462871,0,0.0,0
REALISM-BRCA-0048,1,0.729076,1,0.629712,1,0.436488,0,0.886573,1,0.425092,0,0.564454,1,0.503466,1,0.618001,1,0.57396,1,1.0,1
REALISM-BRCA-0049,0,0.34924,0,0.491427,0,0.453767,0,0.302735,0,0.285713,0,0.3886,0,0.43129,0,0.424078,0,0.48044,0,0.0,0
REALISM-BRCA-0051,1,0.857591,1,0.629043,1,0.443914,0,0.903893,1,0.727373,1,0.832862,1,0.578918,1,0.588703,1,0.607174,1,1.0,1
REALISM-BRCA-0053,0,0.231559,0,0.509392,1,0.570441,1,0.319275,0,0.645466,1,0.736354,1,0.449102,0,0.383779,0,0.56938,1,0.0,0
REALISM-BRCA-0061,1,0.885029,1,0.684779,1,0.602562,1,0.873385,1,0.765565,1,0.999944,1,0.532971,1,0.497769,0,0.614825,1,1.0,1
REALISM-BRCA-0063,0,0.11468,0,0.369996,0,0.422073,0,0.055036,0,0.179404,0,0.202485,0,0.496148,0,0.418033,0,0.487846,0,0.0,0
REALISM-BRCA-0064,1,0.788784,1,0.750317,1,0.614828,1,0.789035,1,0.935727,1,0.998909,1,0.514819,1,0.581731,1,0.57954,1,1.0,1
REALISM-BRCA-0065,1,0.987986,1,0.792658,1,0.688085,1,0.966188,1,0.991786,1,0.999933,1,0.579411,1,0.664324,1,0.600557,1,1.0,1
REALISM-BRCA-0069,1,0.816109,1,0.740358,1,0.628626,1,0.863219,1,0.951977,1,0.999805,1,0.533521,1,0.601262,1,0.56976,1,1.0,1
REALISM-BRCA-0071,0,0.502963,1,0.684634,1,0.613516,1,0.424605,0,0.855997,1,0.996875,1,0.510592,1,0.632788,1,0.555507,1,0.0,0
REALISM-BRCA-0075,1,0.920799,1,0.817164,1,0.704283,1,0.894554,1,0.981822,1,1.0,1,0.599148,1,0.694806,1,0.549951,1,1.0,1
REALISM-BRCA-0080,1,0.77447,1,0.656451,1,0.611731,1,0.833503,1,0.74075,1,0.854132,1,0.532297,1,0.551603,1,0.575454,1,1.0,1
REALISM-BRCA-0084,1,0.901388,1,0.774744,1,0.671678,1,0.929604,1,0.992431,1,0.999901,1,0.540874,1,0.561551,1,0.603853,1,1.0,1
REALISM-BRCA-0085,1,0.474546,0,0.518681,1,0.484249,0,0.558819,1,0.203112,0,0.074124,0,0.496647,0,0.436831,0,0.489829,0,1.0,1
REALISM-BRCA-0086,0,0.053009,0,0.285298,0,0.413611,0,0.045314,0,0.082465,0,0.002888,0,0.461912,0,0.285564,0,0.45,0,0.0,0
REALISM-BRCA-0110,1,0.544961,1,0.528093,1,0.541222,1,0.399203,0,0.157653,0,0.00019,0,0.499471,0,0.507259,1,0.566778,1,0.0,0
REALISM-BRCA-0116,1,0.840462,1,0.726017,1,0.734212,1,0.938688,1,0.942404,1,0.838987,1,0.578888,1,0.54117,1,0.565514,1,1.0,1
REALISM-BRCA-0117,0,0.297645,0,0.435877,0,0.533882,1,0.211746,0,0.546921,1,0.131433,0,0.470557,0,0.41604,0,0.448264,0,0.0,0
REALISM-BRCA-0118,0,0.025684,0,0.217683,0,0.397848,0,0.019587,0,0.063731,0,0.164156,0,0.44348,0,0.171889,0,0.38393,0,0.0,0
REALISM-BRCA-0128,0,0.00858,0,0.249874,0,0.164748,0,0.038174,0,0.242465,0,0.001425,0,0.568649,1,0.362514,0,0.508078,1,0.0,0
REALISM-BRCA-0130,1,0.810466,1,0.758964,1,0.775459,1,0.877207,1,0.863821,1,0.832684,1,0.60029,1,0.617066,1,0.62323,1,1.0,1
REALISM-BRCA-0135,0,0.187523,0,0.431064,0,0.548388,1,0.089107,0,0.107992,0,0.000867,0,0.516585,1,0.396973,0,0.498794,0,0.0,0
REALISM-BRCA-0136,0,0.067233,0,0.252455,0,0.369168,0,0.02322,0,0.164859,0,0.141164,0,0.431481,0,0.208136,0,0.41549,0,0.0,0
REALISM-BRCA-0139,1,0.835947,1,0.711595,1,0.643544,1,0.961484,1,0.980471,1,0.999999,1,0.513987,1,0.550643,1,0.572161,1,1.0,1
REALISM-BRCA-0145,0,0.02229,0,0.150428,0,0.308354,0,0.009591,0,0.009103,0,0.081917,0,0.404581,0,0.221172,0,0.405573,0,0.0,0
REALISM-BRCA-0152,1,0.837521,1,0.638183,1,0.588153,1,0.911472,1,0.773051,1,0.832297,1,0.53191,1,0.541498,1,0.575218,1,1.0,1
REALISM-BRCA-0156,1,0.951098,1,0.787084,1,0.691628,1,0.936798,1,0.968256,1,0.960397,1,0.613549,1,0.673238,1,0.659776,1,1.0,1
REALISM-BRCA-0160,1,0.639461,1,0.573564,1,0.603205,1,0.704812,1,0.375012,0,0.342158,0,0.49514,0,0.463667,0,0.54772,1,1.0,1
REALISM-BRCA-0161,1,0.677522,1,0.657594,1,0.563934,1,0.88782,1,0.902837,1,0.999469,1,0.448136,0,0.529402,1,0.555162,1,1.0,1
REALISM-BRCA-0163,0,0.191624,0,0.285683,0,0.449273,0,0.072214,0,0.225028,0,0.152947,0,0.465464,0,0.290726,0,0.479669,0,0.0,0
REALISM-BRCA-0168,0,0.034619,0,0.219392,0,0.15301,0,0.026977,0,0.128055,0,0.0,0,0.499465,0,0.434073,0,0.481997,0,0.0,0
REALISM-BRCA-0171,0,0.462729,0,0.437539,0,0.524796,1,0.418086,0,0.795546,1,0.833253,1,0.457066,0,0.432079,0,0.472563,0,0.0,0
REALISM-BRCA-0179,1,0.891113,1,0.712153,1,0.535348,1,0.930959,1,0.92618,1,0.878657,1,0.524382,1,0.612762,1,0.579662,1,1.0,1
REALISM-BRCA-0182,1,0.666015,1,0.755165,1,0.709387,1,0.932329,1,0.94607,1,0.999965,1,0.566744,1,0.592334,1,0.54461,1,1.0,1
REALISM-BRCA-0184,1,0.647523,1,0.663466,1,0.589729,1,0.813275,1,0.862761,1,0.831701,1,0.523754,1,0.471104,0,0.545299,1,1.0,1
REALISM-BRCA-0186,0,0.13015,0,0.277781,0,0.495324,0,0.075415,0,0.173798,0,0.156672,0,0.424305,0,0.315016,0,0.445528,0,0.0,0
REALISM-BRCA-0187,1,0.92576,1,0.775958,1,0.669298,1,0.955966,1,0.947487,1,0.999912,1,0.55269,1,0.62093,1,0.584874,1,1.0,1
REALISM-BRCA-0200,0,0.231028,0,0.446134,0,0.495875,0,0.080755,0,0.270286,0,0.494024,0,0.479465,0,0.419894,0,0.470528,0,0.0,0
REALISM-BRCA-0203,0,0.117007,0,0.424364,0,0.472807,0,0.067253,0,0.133418,0,0.004024,0,0.493359,0,0.416028,0,0.512222,1,0.0,0
REALISM-BRCA-0209,0,0.048238,0,0.17862,0,0.367083,0,0.039655,0,0.035517,0,0.001107,0,0.420229,0,0.281985,0,0.449622,0,0.0,0
REALISM-BRCA-0210,1,0.797622,1,0.629714,1,0.614368,1,0.738447,1,0.865665,1,0.833469,1,0.543512,1,0.485166,0,0.58065,1,1.0,1
REALISM-BRCA-0213,0,0.001372,0,0.210414,0,0.162773,0,0.014269,0,0.05975,0,0.0,0,0.516575,1,0.396757,0,0.514428,1,0.0,0
REALISM-BRCA-0216,1,0.807951,1,0.630421,1,0.532124,1,0.907738,1,0.961544,1,0.999997,1,0.525786,1,0.539671,1,0.574916,1,1.0,1
REALISM-BRCA-0219,0,0.473533,0,0.404513,0,0.486956,0,0.526885,1,0.378619,0,0.615756,1,0.470783,0,0.416611,0,0.495951,0,1.0,1
REALISM-BRCA-0220,1,0.972607,1,0.812806,1,0.706372,1,0.966842,1,0.993849,1,0.997736,1,0.58384,1,0.694215,1,0.623251,1,1.0,1
REALISM-BRCA-0222,0,0.066131,0,0.303241,0,0.516523,1,0.080707,0,0.15313,0,0.201276,0,0.520004,1,0.326716,0,0.437774,0,0.0,0
REALISM-BRCA-0230,0,0.346342,0,0.469831,0,0.323293,0,0.188049,0,0.981082,1,0.672948,1,0.538911,1,0.562084,1,0.563345,1,0.0,0
REALISM-BRCA-0236,0,0.015002,0,0.198933,0,0.383704,0,0.009783,0,0.08266,0,0.000855,0,0.435126,0,0.218496,0,0.417534,0,0.0,0
REALISM-BRCA-0237,1,0.643821,1,0.6423,1,0.56856,1,0.759209,1,0.609761,1,0.582224,1,0.500004,1,0.523644,1,0.563965,1,1.0,1
REALISM-BRCA-0239,1,0.8848,1,0.695787,1,0.671041,1,0.963223,1,0.926806,1,0.873449,1,0.483833,0,0.518281,1,0.503147,1,1.0,1
