patient_id,actual_label,logistic_regression_probability,logistic_regression_predicted_label,random_forest_probability,random_forest_predicted_label,extra_trees_probability,extra_trees_predicted_label,gradient_boosting_probability,gradient_boosting_predicted_label,svm_rbf_probability,svm_rbf_predicted_label,mlp_probability,mlp_predicted_label,temporal_1d_cnn_probability,temporal_1d_cnn_predicted_label,temporal_gru_probability,temporal_gru_predicted_label
COMPV4-BRCA-0001,1,0.980809,1,0.723195,1,0.786371,1,0.957051,1,0.994087,1,1.0,1,0.999973,1,0.978577,1
COMPV4-BRCA-0004,0,0.030835,0,0.153577,0,0.281983,0,0.025325,0,0.021193,0,0.030182,0,0.000459,0,0.009943,0
COMPV4-BRCA-0007,1,0.604315,1,0.615547,1,0.550271,1,0.775355,1,0.764236,1,0.827429,1,0.81503,1,0.445358,0
COMPV4-BRCA-0008,0,0.017776,0,0.376287,0,0.227873,0,0.092937,0,0.205597,0,0.0,0,0.12458,0,0.584836,1
COMPV4-BRCA-0021,1,0.945135,1,0.769561,1,0.668887,1,0.965049,1,0.987401,1,0.999999,1,0.999505,1,0.973915,1
COMPV4-BRCA-0026,1,0.963948,1,0.65398,1,0.611163,1,0.893317,1,0.956392,1,0.999997,1,0.999809,1,0.982558,1
COMPV4-BRCA-0034,0,0.042423,0,0.202018,0,0.280702,0,0.036868,0,0.019435,0,0.0,0,0.003747,0,0.015608,0
COMPV4-BRCA-0047,1,0.83968,1,0.671904,1,0.556314,1,0.90143,1,0.802547,1,0.84728,1,0.982426,1,0.916473,1
COMPV4-BRCA-0048,0,0.380341,0,0.472812,0,0.451388,0,0.517707,1,0.450073,0,0.117446,0,0.817802,1,0.597716,1
COMPV4-BRCA-0049,0,0.074134,0,0.301877,0,0.347926,0,0.076796,0,0.128368,0,0.017874,0,0.000342,0,0.014393,0
COMPV4-BRCA-0051,1,0.808236,1,0.713359,1,0.58996,1,0.904297,1,0.920999,1,0.998318,1,0.999324,1,0.94599,1
COMPV4-BRCA-0052,1,0.848736,1,0.666899,1,0.609365,1,0.856945,1,0.834357,1,0.871886,1,0.997552,1,0.954257,1
COMPV4-BRCA-0053,0,0.130237,0,0.351202,0,0.382948,0,0.217724,0,0.094609,0,0.054834,0,0.077245,0,0.046358,0
COMPV4-BRCA-0055,1,0.698878,1,0.605904,1,0.542562,1,0.763252,1,0.478643,0,0.692081,1,0.837024,1,0.818755,1
COMPV4-BRCA-0062,1,0.669653,1,0.621643,1,0.49974,0,0.818415,1,0.785554,1,0.692517,1,0.852799,1,0.554653,1
COMPV4-BRCA-0065,1,0.466153,0,0.610443,1,0.471358,0,0.657867,1,0.515917,1,0.580963,1,0.492457,0,0.124752,0
COMPV4-BRCA-0066,1,0.839885,1,0.701652,1,0.641366,1,0.933174,1,0.904352,1,0.994097,1,0.990628,1,0.93413,1
COMPV4-BRCA-0068,0,0.171376,0,0.440108,0,0.456947,0,0.204537,0,0.195436,0,0.090537,0,0.066964,0,0.029127,0
COMPV4-BRCA-0074,0,0.062333,0,0.258466,0,0.387638,0,0.041521,0,0.144216,0,0.003274,0,0.00033,0,0.012904,0
COMPV4-BRCA-0075,1,0.865353,1,0.755097,1,0.726398,1,0.875035,1,0.980824,1,1.0,1,0.952488,1,0.774172,1
COMPV4-BRCA-0077,1,0.809767,1,0.631303,1,0.547208,1,0.899755,1,0.770127,1,0.848782,1,0.940562,1,0.562526,1
COMPV4-BRCA-0080,1,0.643101,1,0.617045,1,0.521695,1,0.816851,1,0.680539,1,0.723889,1,0.631867,1,0.583026,1
COMPV4-BRCA-0088,0,0.20412,0,0.437593,0,0.435615,0,0.157268,0,0.149464,0,0.011728,0,0.080719,0,0.104705,0
COMPV4-BRCA-0091,1,0.902287,1,0.747381,1,0.609406,1,0.956536,1,0.925706,1,0.985936,1,0.999721,1,0.975119,1
COMPV4-BRCA-0107,1,0.671045,1,0.639402,1,0.505026,1,0.91035,1,0.647142,1,0.636875,1,0.99255,1,0.920095,1
COMPV4-BRCA-0110,1,0.554287,1,0.488415,0,0.416912,0,0.744612,1,0.314621,0,0.357372,0,0.584939,1,0.189512,0
COMPV4-BRCA-0115,1,0.342921,0,0.555392,1,0.427963,0,0.640147,1,0.336101,0,0.221265,0,0.757786,1,0.112885,0
COMPV4-BRCA-0122,1,0.881511,1,0.689427,1,0.780641,1,0.944274,1,0.899462,1,0.877006,1,0.990957,1,0.896716,1
COMPV4-BRCA-0124,0,0.065308,0,0.205959,0,0.381185,0,0.021466,0,0.093068,0,0.051737,0,0.004435,0,0.01561,0
COMPV4-BRCA-0127,1,0.960708,1,0.763067,1,0.686428,1,0.967086,1,0.960779,1,0.99993,1,0.999664,1,0.981634,1
COMPV4-BRCA-0128,0,0.383628,0,0.599632,1,0.484945,0,0.4939,0,0.525148,1,0.432273,0,0.494566,0,0.175533,0
COMPV4-BRCA-0139,0,0.056875,0,0.218772,0,0.44318,0,0.02884,0,0.113665,0,0.005796,0,0.003561,0,0.015488,0
COMPV4-BRCA-0142,1,0.886235,1,0.631466,1,0.667809,1,0.804839,1,0.908334,1,0.962805,1,0.994624,1,0.96123,1
COMPV4-BRCA-0145,0,0.499726,0,0.455174,0,0.446827,0,0.368964,0,0.442094,0,0.59042,1,0.215289,0,0.235907,0
COMPV4-BRCA-0146,1,0.88677,1,0.705963,1,0.588602,1,0.939565,1,0.855591,1,0.914409,1,0.999667,1,0.976846,1
COMPV4-BRCA-0148,0,0.194298,0,0.388988,0,0.460969,0,0.245154,0,0.390382,0,0.346459,0,0.095745,0,0.142217,0
COMPV4-BRCA-0152,1,0.775691,1,0.729716,1,0.625909,1,0.930754,1,0.851313,1,0.999866,1,0.957224,1,0.659888,1
COMPV4-BRCA-0155,1,0.777412,1,0.563307,1,0.609362,1,0.823088,1,0.462922,0,0.837367,1,0.763948,1,0.474276,0
COMPV4-BRCA-0158,0,0.387097,0,0.498501,0,0.530932,1,0.392675,0,0.485051,0,0.515509,1,0.746805,1,0.71486,1
COMPV4-BRCA-0161,1,0.672379,1,0.682975,1,0.560483,1,0.869301,1,0.841651,1,0.840598,1,0.995557,1,0.959714,1
COMPV4-BRCA-0166,1,0.860456,1,0.721356,1,0.658516,1,0.897513,1,0.852366,1,0.833329,1,0.99681,1,0.968159,1
COMPV4-BRCA-0170,1,0.730555,1,0.60957,1,0.569654,1,0.627358,1,0.723795,1,0.644093,1,0.720125,1,0.859351,1
COMPV4-BRCA-0172,1,0.946918,1,0.807196,1,0.749749,1,0.963908,1,0.982903,1,0.999728,1,0.997608,1,0.972242,1
COMPV4-BRCA-0175,1,0.53214,1,0.562108,1,0.525851,1,0.735801,1,0.503529,1,0.256989,0,0.701061,1,0.194717,0
COMPV4-BRCA-0178,0,0.227863,0,0.473318,0,0.422981,0,0.320665,0,0.305593,0,0.162923,0,0.089383,0,0.256063,0
COMPV4-BRCA-0182,1,0.922222,1,0.698313,1,0.664684,1,0.928349,1,0.973305,1,1.0,1,0.986279,1,0.948964,1
COMPV4-BRCA-0183,0,0.004573,0,0.255971,0,0.194374,0,0.057139,0,0.084387,0,0.0,0,0.008341,0,0.054328,0
COMPV4-BRCA-0184,0,0.127733,0,0.307045,0,0.459884,0,0.05337,0,0.405589,0,0.0708,0,0.234833,0,0.139007,0
COMPV4-BRCA-0206,1,0.912317,1,0.647803,1,0.585147,1,0.932413,1,0.873362,1,0.999729,1,0.999561,1,0.967486,1
COMPV4-BRCA-0208,0,0.310493,0,0.427015,0,0.424225,0,0.423682,0,0.273756,0,0.16788,0,0.045038,0,0.220434,0
COMPV4-BRCA-0212,1,0.819847,1,0.694393,1,0.531486,1,0.877695,1,0.830684,1,0.998597,1,0.952138,1,0.88033,1
COMPV4-BRCA-0215,0,0.324639,0,0.440887,0,0.408218,0,0.30554,0,0.247541,0,0.235084,0,0.284194,0,0.08748,0
COMPV4-BRCA-0218,0,0.124126,0,0.398012,0,0.418903,0,0.198705,0,0.128176,0,0.190764,0,0.042505,0,0.044786,0
COMPV4-BRCA-0220,1,0.716902,1,0.611324,1,0.538783,1,0.834998,1,0.586444,1,0.670916,1,0.982346,1,0.864839,1
COMPV4-BRCA-0223,1,0.459133,0,0.641946,1,0.488099,0,0.495866,0,0.483146,0,0.586607,1,0.600849,1,0.421899,0
COMPV4-BRCA-0226,1,0.963653,1,0.798427,1,0.780465,1,0.971892,1,0.984209,1,0.999997,1,0.999687,1,0.977049,1
COMPV4-BRCA-0228,0,0.061515,0,0.273513,0,0.376029,0,0.056385,0,0.061936,0,7e-06,0,0.012322,0,0.017279,0
COMPV4-BRCA-0231,1,0.974742,1,0.844801,1,0.870928,1,0.973202,1,0.993524,1,1.0,1,0.999986,1,0.981783,1
COMPV4-BRCA-0235,1,0.884295,1,0.684559,1,0.700329,1,0.94316,1,0.903684,1,0.999997,1,0.986983,1,0.963513,1
COMPV4-BRCA-0240,1,0.628843,1,0.450824,0,0.427952,0,0.659799,1,0.47613,0,0.867422,1,0.471434,0,0.63997,1
COMPV4-BRCA-0241,1,0.967291,1,0.698874,1,0.778936,1,0.977808,1,0.979086,1,0.999935,1,0.999952,1,0.970516,1
COMPV4-BRCA-0242,1,0.977304,1,0.819259,1,0.64345,1,0.984092,1,0.946774,1,1.0,1,0.999002,1,0.980562,1
COMPV4-BRCA-0244,0,0.02913,0,0.150166,0,0.309944,0,0.016001,0,0.027158,0,6.8e-05,0,0.000152,0,0.008247,0
COMPV4-BRCA-0250,0,0.316969,0,0.48597,0,0.431866,0,0.4289,0,0.33238,0,0.439757,0,0.079717,0,0.035657,0
COMPV4-BRCA-0253,0,0.442341,0,0.58851,1,0.509819,1,0.717561,1,0.492677,0,0.33949,0,0.902052,1,0.682691,1
COMPV4-BRCA-0257,1,0.926494,1,0.787541,1,0.674334,1,0.931891,1,0.954393,1,0.999996,1,0.995078,1,0.946087,1
COMPV4-BRCA-0258,0,0.269313,0,0.489376,0,0.503102,1,0.177971,0,0.351349,0,0.166673,0,0.08128,0,0.129719,0
COMPV4-BRCA-0260,0,0.670584,1,0.530329,1,0.522832,1,0.684734,1,0.513735,1,0.817604,1,0.800391,1,0.736482,1
COMPV4-BRCA-0265,1,0.841254,1,0.704512,1,0.603608,1,0.831753,1,0.899,1,0.834718,1,0.936947,1,0.822434,1
COMPV4-BRCA-0273,0,0.621081,1,0.670641,1,0.58027,1,0.643517,1,0.824972,1,0.900659,1,0.953599,1,0.912493,1
COMPV4-BRCA-0275,0,0.399896,0,0.419569,0,0.490882,0,0.451812,0,0.555976,1,0.519574,1,0.203518,0,0.19098,0
COMPV4-BRCA-0283,0,0.089653,0,0.34644,0,0.397813,0,0.116626,0,0.102091,0,1.1e-05,0,0.024603,0,0.021089,0
COMPV4-BRCA-0289,0,0.007255,0,0.10797,0,0.197666,0,0.00851,0,0.003344,0,0.0,0,0.000246,0,0.008603,0
COMPV4-BRCA-0297,1,0.838294,1,0.686326,1,0.584177,1,0.919001,1,0.830895,1,0.99442,1,0.998691,1,0.92319,1
COMPV4-BRCA-0299,0,0.040026,0,0.21749,0,0.309038,0,0.035127,0,0.019793,0,8e-05,0,0.000425,0,0.012879,0
