patient_id,actual_response_score_percent,ridge_regression_response_score_percent,random_forest_regressor_response_score_percent,extra_trees_regressor_response_score_percent,gradient_boosting_regressor_response_score_percent,gradient_boosting_huber_regressor_response_score_percent,huber_regressor_response_score_percent,svr_rbf_regressor_response_score_percent,robust_response_ensemble_response_score_percent
COMPV5-BRCA-0004,-42.5,-39.797,-42.066,-38.153,-36.993,-40.053,-42.5,-18.465,-40.053
COMPV5-BRCA-0007,74.91,75.426,74.955,74.757,74.744,74.451,74.91,60.206,74.757
COMPV5-BRCA-0010,48.26,49.667,48.206,48.005,48.499,48.247,48.26,49.418,48.247
COMPV5-BRCA-0018,-26.82,-20.803,-26.868,-25.989,-24.602,-26.465,-26.82,-12.471,-26.465
COMPV5-BRCA-0021,29.22,28.343,29.434,29.474,29.166,30.023,29.22,31.31,29.434
COMPV5-BRCA-0030,69.22,69.797,69.367,68.597,68.754,69.353,69.22,72.059,69.22
COMPV5-BRCA-0031,-35.88,-32.298,-36.181,-34.632,-35.613,-35.816,-35.88,-28.878,-35.816
COMPV5-BRCA-0032,51.17,51.387,51.057,50.736,51.368,51.21,51.17,51.158,51.17
COMPV5-BRCA-0035,37.38,36.861,37.3,36.925,37.605,37.398,37.38,35.586,37.38
COMPV5-BRCA-0038,93.86,94.434,93.977,93.008,93.261,93.821,93.86,73.915,93.821
COMPV5-BRCA-0043,61.71,62.904,61.76,61.268,61.11,60.937,61.71,62.597,61.268
COMPV5-BRCA-0044,31.36,35.34,34.593,37.218,38.097,36.003,31.36,34.972,36.003
COMPV5-BRCA-0046,47.23,28.893,28.856,33.075,25.714,26.564,25.8,27.466,26.564
COMPV5-BRCA-0053,32.8,35.846,34.367,36.179,35.708,33.302,32.8,33.958,34.367
COMPV5-BRCA-0054,-9.38,-6.653,-9.593,-10.023,-10.3,-9.051,-9.38,6.033,-9.593
COMPV5-BRCA-0055,55.14,54.095,55.148,54.657,54.458,55.21,55.14,55.775,55.14
COMPV5-BRCA-0057,59.66,61.635,59.598,59.44,59.984,59.521,59.66,56.993,59.598
COMPV5-BRCA-0061,67.32,67.747,67.398,67.077,67.444,66.536,67.32,71.056,67.32
COMPV5-BRCA-0065,87.73,88.977,87.737,88.136,86.586,87.598,87.73,68.889,87.73
COMPV5-BRCA-0066,70.0,71.709,70.004,69.496,70.519,69.56,70.0,70.045,70.0
COMPV5-BRCA-0079,82.76,83.453,82.961,83.04,83.885,83.204,82.76,81.971,83.04
COMPV5-BRCA-0085,38.57,40.341,38.583,38.417,38.142,38.452,38.57,37.527,38.452
COMPV5-BRCA-0088,92.43,93.353,92.855,91.722,91.231,92.167,92.43,82.208,92.167
COMPV5-BRCA-0089,61.22,61.493,61.234,60.874,60.881,60.939,61.22,58.638,60.939
COMPV5-BRCA-0091,51.82,53.803,51.749,52.425,52.25,51.66,51.82,53.654,51.82
COMPV5-BRCA-0096,53.61,52.449,53.745,53.024,53.184,53.928,53.61,51.094,53.61
COMPV5-BRCA-0102,72.27,73.486,72.473,71.955,72.222,71.972,72.27,75.287,72.222
COMPV5-BRCA-0112,36.35,26.861,16.047,24.004,20.468,26.45,25.8,22.772,24.004
COMPV5-BRCA-0117,42.33,44.153,42.309,42.391,43.293,42.374,42.33,45.549,42.374
COMPV5-BRCA-0120,92.24,92.013,92.546,91.855,91.431,92.233,92.24,80.232,92.233
COMPV5-BRCA-0121,43.67,44.027,43.683,43.123,43.194,43.368,43.67,42.376,43.368
COMPV5-BRCA-0126,47.43,50.01,47.413,47.327,47.924,47.438,47.43,49.605,47.43
COMPV5-BRCA-0131,-19.06,-17.885,-18.829,-19.281,-18.664,-18.677,-19.06,-14.932,-18.829
COMPV5-BRCA-0133,88.06,88.898,88.046,88.097,88.42,87.929,88.06,83.742,88.06
COMPV5-BRCA-0135,32.0,33.035,32.101,33.111,32.227,31.824,32.0,31.05,32.101
COMPV5-BRCA-0136,-23.78,-20.94,-23.796,-23.727,-23.155,-23.654,-23.78,-14.171,-23.727
COMPV5-BRCA-0145,-41.43,-43.4,-42.156,-37.332,-36.674,-37.718,-41.43,-11.424,-37.718
COMPV5-BRCA-0159,-26.91,-29.169,-26.956,-27.744,-26.211,-27.289,-26.91,-14.034,-26.956
COMPV5-BRCA-0162,33.11,33.205,32.394,32.761,32.58,33.211,33.11,31.052,32.761
COMPV5-BRCA-0174,84.8,81.487,85.179,84.275,82.131,84.992,84.8,63.402,84.8
COMPV5-BRCA-0178,56.41,57.114,56.371,55.864,56.404,56.35,56.41,56.162,56.371
COMPV5-BRCA-0180,57.54,57.122,57.488,56.864,56.171,57.614,57.54,56.471,57.488
COMPV5-BRCA-0184,62.67,64.852,62.645,62.282,62.862,62.702,62.67,60.684,62.67
COMPV5-BRCA-0191,52.41,54.324,52.386,52.368,52.895,52.134,52.41,57.119,52.386
COMPV5-BRCA-0194,33.33,35.898,34.041,34.618,34.491,33.343,33.33,33.979,34.041
COMPV5-BRCA-0195,-26.98,-29.189,-27.003,-26.746,-26.697,-27.295,-26.98,-10.196,-26.98
COMPV5-BRCA-0199,41.03,43.283,40.999,41.291,42.805,41.104,41.03,43.19,41.104
COMPV5-BRCA-0203,30.3,32.24,30.926,33.21,31.072,30.825,30.3,30.707,30.926
COMPV5-BRCA-0205,61.62,63.126,61.746,61.152,61.788,60.958,61.62,63.32,61.62
COMPV5-BRCA-0206,85.42,31.997,87.25,77.51,89.49,83.324,25.8,30.105,83.324
COMPV5-BRCA-0207,67.25,67.745,67.17,66.985,66.897,66.601,67.25,61.408,66.985
COMPV5-BRCA-0211,63.1,64.466,63.185,62.809,63.788,62.769,63.1,65.118,63.1
COMPV5-BRCA-0222,-23.66,-20.602,-23.704,-23.546,-24.176,-23.691,-23.66,-24.529,-23.691
COMPV5-BRCA-0227,-33.68,-33.671,-33.892,-32.742,-33.411,-33.622,-33.68,-13.673,-33.622
COMPV5-BRCA-0232,47.54,48.049,47.562,47.006,47.948,47.423,47.54,47.368,47.54
COMPV5-BRCA-0233,87.75,88.278,87.705,87.709,87.466,87.571,87.75,81.009,87.705
COMPV5-BRCA-0235,34.55,28.628,50.526,45.841,57.833,48.178,25.8,27.67,48.178
COMPV5-BRCA-0236,-23.82,-19.151,-23.793,-23.538,-22.649,-23.67,-23.82,-14.892,-23.67
COMPV5-BRCA-0244,32.86,27.98,25.458,25.478,25.708,26.518,25.8,23.383,25.708
COMPV5-BRCA-0248,70.49,71.058,70.501,69.684,70.413,70.52,70.49,70.247,70.49
COMPV5-BRCA-0267,38.73,39.09,38.776,37.919,37.962,38.689,38.73,36.112,38.689
COMPV5-BRCA-0270,91.03,91.149,91.047,90.73,90.907,91.063,91.03,90.727,91.03
COMPV5-BRCA-0279,89.63,86.537,89.709,89.273,89.323,89.606,89.63,69.938,89.606
COMPV5-BRCA-0282,57.27,59.205,57.373,57.611,57.382,57.489,57.27,56.941,57.382
COMPV5-BRCA-0283,83.1,85.293,83.016,83.44,83.066,83.238,83.1,74.978,83.1
COMPV5-BRCA-0285,28.0,30.545,31.841,37.492,30.699,28.823,28.0,29.748,30.699
COMPV5-BRCA-0286,-18.57,-16.634,-18.603,-18.964,-19.687,-18.708,-18.57,-17.187,-18.708
COMPV5-BRCA-0287,54.29,56.174,54.242,54.99,55.092,54.316,54.29,52.865,54.316
COMPV5-BRCA-0291,57.86,58.506,57.902,57.576,57.638,57.884,57.86,55.808,57.86
COMPV5-BRCA-0294,45.81,46.751,45.819,45.645,52.879,45.746,45.81,44.095,45.81
COMPV5-BRCA-0297,89.15,88.669,89.101,88.821,88.718,88.998,89.15,73.396,88.998
COMPV5-BRCA-0299,33.7,34.345,32.888,33.574,33.99,33.654,33.7,32.533,33.654
COMPV5-BRCA-0307,54.1,54.778,54.144,53.935,53.014,54.096,54.1,54.439,54.096
COMPV5-BRCA-0310,61.3,60.959,61.263,60.798,60.923,60.93,61.3,62.324,60.93
COMPV5-BRCA-0315,92.86,92.629,93.193,92.403,92.546,92.729,92.86,76.984,92.729
COMPV5-BRCA-0317,48.71,50.926,48.731,48.698,49.095,48.598,48.71,53.869,48.71
COMPV5-BRCA-0320,85.83,86.462,86.044,85.962,86.182,86.045,85.83,85.108,86.044
COMPV5-BRCA-0330,67.16,65.518,66.99,66.242,66.083,66.555,67.16,65.446,66.555
COMPV5-BRCA-0331,-11.18,-10.728,-11.069,-11.773,-12.699,-11.539,-11.18,-10.116,-11.539
COMPV5-BRCA-0336,-28.93,-28.011,-29.174,-28.947,-27.845,-28.67,-28.93,-19.832,-28.93
COMPV5-BRCA-0342,84.47,82.401,83.9,83.803,84.315,83.847,84.47,69.812,83.9
COMPV5-BRCA-0348,70.0,70.565,69.997,69.402,69.351,69.521,70.0,70.94,69.521
COMPV5-BRCA-0349,34.62,37.129,35.266,36.93,36.566,34.646,34.62,37.514,35.266
COMPV5-BRCA-0351,92.58,89.424,93.07,91.179,91.248,92.595,92.58,67.053,92.58
COMPV5-BRCA-0354,-37.95,-34.896,-38.886,-36.188,-36.212,-39.795,-37.95,-15.91,-37.95
COMPV5-BRCA-0355,50.69,52.901,50.723,50.566,51.628,51.183,50.69,54.811,50.723
COMPV5-BRCA-0356,90.24,90.734,90.527,89.818,89.484,90.323,90.24,73.752,90.24
COMPV5-BRCA-0368,-33.64,-28.899,-34.463,-33.188,-32.733,-33.592,-33.64,-11.556,-33.592
COMPV5-BRCA-0376,36.25,40.264,36.225,38.631,37.996,36.402,36.25,40.011,36.402
COMPV5-BRCA-0379,96.42,96.569,96.276,95.336,95.429,95.717,96.42,89.463,95.717
COMPV5-BRCA-0381,-13.11,-11.899,-13.206,-13.691,-14.364,-13.029,-13.11,-11.425,-13.206
COMPV5-BRCA-0394,30.4,30.561,30.582,30.594,31.056,30.775,30.4,29.414,30.594
COMPV5-BRCA-0396,57.18,59.074,57.164,56.941,53.594,57.507,57.18,55.212,57.164
COMPV5-BRCA-0398,61.88,63.586,61.851,61.668,61.752,62.717,61.88,63.741,61.851
COMPV5-BRCA-0402,60.91,62.357,60.781,60.518,61.404,60.958,60.91,59.829,60.91
COMPV5-BRCA-0407,57.19,57.232,57.167,56.937,57.401,57.468,57.19,62.651,57.19
COMPV5-BRCA-0410,47.58,47.448,47.562,47.149,47.53,47.42,47.58,45.378,47.53
COMPV5-BRCA-0415,86.96,87.996,87.104,87.298,87.213,87.072,86.96,79.173,87.104
COMPV5-BRCA-0420,85.83,86.545,86.026,85.794,85.652,86.049,85.83,77.182,85.83
COMPV5-BRCA-0421,39.35,40.072,39.356,39.105,39.855,39.701,39.35,41.194,39.356
COMPV5-BRCA-0422,-3.33,-2.45,-3.141,-5.086,-4.854,-2.772,-3.33,-2.973,-3.33
COMPV5-BRCA-0425,74.1,74.78,74.074,73.803,73.486,74.486,74.1,73.361,74.074
COMPV5-BRCA-0427,-35.69,-35.509,-36.472,-35.77,-28.902,-35.877,-35.69,-2.189,-35.77
COMPV5-BRCA-0430,71.83,71.993,71.772,71.046,72.127,71.925,71.83,69.758,71.83
COMPV5-BRCA-0443,68.92,68.297,68.866,68.742,62.623,69.334,68.92,58.825,68.866
COMPV5-BRCA-0445,-18.93,-13.823,-18.753,-19.079,-16.945,-18.713,-18.93,-5.686,-18.753
COMPV5-BRCA-0447,85.67,85.9,85.84,85.118,85.123,85.992,85.67,77.431,85.67
COMPV5-BRCA-0454,-25.45,-19.039,-26.086,-24.651,-23.906,-25.747,-25.45,-13.64,-25.45
COMPV5-BRCA-0457,57.2,57.322,57.172,56.968,57.2,57.463,57.2,57.422,57.2
COMPV5-BRCA-0460,60.25,60.619,60.277,59.92,59.399,60.91,60.25,46.782,60.25
COMPV5-BRCA-0463,-22.65,-18.368,-22.591,-22.685,-23.055,-22.497,-22.65,-27.151,-22.65
COMPV5-BRCA-0464,54.21,54.243,54.196,53.895,55.081,54.188,54.21,52.607,54.196
COMPV5-BRCA-0476,45.0,48.462,45.002,45.829,45.627,44.969,45.0,48.285,45.002
COMPV5-BRCA-0481,-18.81,-16.671,-18.743,-19.505,-19.292,-18.719,-18.81,-21.369,-18.81
COMPV5-BRCA-0494,30.0,28.749,40.905,33.132,30.434,26.516,25.8,25.83,30.434
COMPV5-BRCA-0495,-35.25,-35.443,-35.641,-34.986,-35.561,-35.577,-35.25,-12.1,-35.561
COMPV5-BRCA-0498,55.19,55.775,55.168,54.928,54.678,55.236,55.19,55.948,55.168
COMPV5-BRCA-0508,38.18,37.875,38.152,37.407,36.951,38.167,38.18,36.529,38.152
COMPV5-BRCA-0510,48.78,49.146,48.778,48.607,48.311,48.596,48.78,48.924,48.607
COMPV5-BRCA-0511,61.8,60.982,61.812,61.126,60.989,62.722,61.8,60.777,61.8
COMPV5-BRCA-0513,-25.95,-23.031,-26.182,-25.849,-26.045,-25.769,-25.95,-17.548,-25.95
COMPV5-BRCA-0514,53.82,28.8,28.175,32.972,27.588,26.558,25.8,25.244,27.588
COMPV5-BRCA-0516,64.44,64.78,64.541,63.673,64.417,64.689,64.44,66.235,64.44
COMPV5-BRCA-0517,35.62,37.399,35.467,35.868,36.978,35.683,35.62,36.546,35.683
COMPV5-BRCA-0522,1.86,1.689,1.931,-2.692,-0.337,2.178,1.86,8.028,1.86
COMPV5-BRCA-0523,50.21,50.186,50.304,49.862,50.109,50.104,50.21,51.702,50.109
COMPV5-BRCA-0527,-41.79,-43.684,-42.09,-38.588,-36.977,-39.696,-41.79,-15.012,-39.696
COMPV5-BRCA-0535,33.02,35.299,32.793,34.131,34.076,33.323,33.02,33.268,33.323
COMPV5-BRCA-0539,74.17,75.675,74.149,75.52,74.498,74.529,74.17,75.224,74.498
COMPV5-BRCA-0545,-19.12,-19.818,-18.883,-19.446,-18.802,-18.702,-19.12,-11.654,-18.883
COMPV5-BRCA-0549,33.92,27.564,22.206,27.599,22.988,26.52,25.8,24.46,25.8
COMPV5-BRCA-0552,64.34,64.935,64.406,63.774,64.033,64.684,64.34,63.427,64.34
COMPV5-BRCA-0553,46.82,29.756,66.107,54.595,64.86,59.069,25.8,29.205,59.069
COMPV5-BRCA-0554,-21.67,-21.592,-21.965,-21.707,-22.921,-21.913,-21.67,-8.973,-21.913
COMPV5-BRCA-0557,68.04,68.265,67.995,67.506,68.075,67.949,68.04,68.849,67.995
COMPV5-BRCA-0560,48.24,49.911,48.204,48.058,49.219,48.233,48.24,48.386,48.233
COMPV5-BRCA-0563,-12.24,21.305,-0.448,-2.327,-11.259,12.866,25.8,18.668,-0.448
COMPV5-BRCA-0566,73.55,73.958,73.576,72.972,70.974,73.209,73.55,65.322,73.209
COMPV5-BRCA-0571,43.65,43.843,43.683,43.148,43.72,43.424,43.65,44.077,43.65
COMPV5-BRCA-0573,45.91,48.31,45.854,46.645,47.175,45.829,45.91,49.226,45.91
COMPV5-BRCA-0576,30.71,31.476,30.53,27.634,29.915,30.614,30.71,28.461,30.53
COMPV5-BRCA-0580,68.0,67.592,67.934,67.444,67.194,67.95,68.0,57.967,67.934
COMPV5-BRCA-0581,-30.36,-25.981,-30.899,-29.639,-32.211,-29.997,-30.36,-19.919,-30.36
COMPV5-BRCA-0583,95.37,96.363,95.981,94.666,95.226,95.527,95.37,78.121,95.37
COMPV5-BRCA-0584,64.6,65.969,64.641,64.061,64.592,64.705,64.6,66.585,64.6
COMPV5-BRCA-0591,41.89,42.084,41.868,41.304,42.236,42.083,41.89,42.844,41.89
COMPV5-BRCA-0592,82.35,82.614,81.994,82.652,82.227,82.462,82.35,76.103,82.35
COMPV5-BRCA-0597,86.35,86.65,86.144,85.992,84.235,86.081,86.35,71.951,86.081
COMPV5-BRCA-0598,63.81,65.138,63.789,63.296,63.804,64.727,63.81,68.693,63.804
COMPV5-BRCA-0600,-11.38,-6.638,-11.132,-11.508,-11.072,-11.533,-11.38,-13.518,-11.38
